{
  "train_loss": [
    0.5504518975176214,
    0.39790069030466796,
    0.35634926134657785,
    0.3323997346063455,
    0.3143733968382946,
    0.2940289822694723,
    0.27648029981084193,
    0.259229554558338,
    0.24326219635272245,
    0.2247748883663241,
    0.21277320684597398,
    0.20011070204346187,
    0.19075208191762733,
    0.17990163796003167,
    0.1795268981469744
  ],
  "train_acc": [
    0.7099565030352277,
    0.821997036470532,
    0.8453706801778118,
    0.8546436594809044,
    0.8644424262702548,
    0.874719181683476,
    0.8834663735003107,
    0.8908273983079202,
    0.9006739639596577,
    0.9083695808039769,
    0.912862673868362,
    0.917355766932747,
    0.9235696190430668,
    0.9274891257588069,
    0.9271545337220974
  ],
  "val_loss": [
    0.45580189107429414,
    0.383093360367985,
    0.38504356358732494,
    0.3779247065651275,
    0.36531255216825576,
    0.4686851342253032,
    0.4434220637749171,
    0.37974607696135837,
    0.39448108393255443,
    0.44925585400224444,
    0.47678375740845996,
    0.4833466737486777,
    0.49921810499481145,
    0.5104878987296528,
    0.5052402201330378
  ],
  "val_acc": [
    0.7949673811742777,
    0.8287045666356011,
    0.8335507921714819,
    0.8296365330848089,
    0.8395153774464119,
    0.8182665424044734,
    0.8287045666356011,
    0.8391425908667288,
    0.8395153774464119,
    0.8244175209692451,
    0.8335507921714819,
    0.8292637465051258,
    0.8296365330848089,
    0.8288909599254427,
    0.8279589934762348
  ],
  "val_precision": [
    0.7939934303144064,
    0.7898140662894099,
    0.8578431372549019,
    0.869542886492039,
    0.8576222435282838,
    0.8955223880597015,
    0.884656652360515,
    0.8677196446199408,
    0.8505639097744361,
    0.863098301595471,
    0.8621031746031746,
    0.8482792050412021,
    0.8556599110232328,
    0.8494885533365806,
    0.8498043052837574
  ],
  "val_recall": [
    0.7190820229494262,
    0.8304292392690182,
    0.7437314067148322,
    0.7195070123246918,
    0.7603059923501913,
    0.6629834254143646,
    0.7008074798130047,
    0.7471313217169571,
    0.7692307692307693,
    0.712707182320442,
    0.7386315342116447,
    0.7437314067148322,
    0.7356566085847854,
    0.7411814704632385,
    0.738206544836379
  ],
  "val_f1": [
    0.7546833184656556,
    0.8096125958152062,
    0.7967220578192579,
    0.7874418604651163,
    0.8060373958098671,
    0.7619047619047619,
    0.7820725634337207,
    0.8029230417903631,
    0.807855389422004,
    0.7807262569832403,
    0.7956054016937514,
    0.792572463768116,
    0.7911334552102377,
    0.7916477530640036,
    0.7900841482829202
  ],
  "val_roc_auc": [
    0.874210693703441,
    0.9076987841240225,
    0.9150359886421165,
    0.9198440689713168,
    0.9226096040826071,
    0.9152136319433979,
    0.919480245895579,
    0.9212887788695056,
    0.9200957891059363,
    0.9153437249726128,
    0.9133680605528023,
    0.9110409191961436,
    0.9113847768015626,
    0.9092055069141199,
    0.9112151055785359
  ],
  "lr": [
    0.0001,
    9.891830623632339e-05,
    9.572050015330874e-05,
    9.05463412215599e-05,
    8.362196501476348e-05,
    7.525e-05,
    6.57963412215599e-05,
    5.567415893174885e-05,
    4.532584106825116e-05,
    3.5203658778440106e-05,
    2.5750000000000013e-05,
    1.7378034985236535e-05,
    1.0453658778440107e-05,
    5.279499846691251e-06,
    2.0816937636766186e-06
  ],
  "epoch_time": [
    381.51467514038086,
    380.8544638156891,
    383.02855038642883,
    384.0067048072815,
    383.80159640312195,
    383.3721594810486,
    381.62567710876465,
    380.9552803039551,
    383.46158146858215,
    383.5276279449463,
    383.6793086528778,
    384.2421438694,
    384.3449432849884,
    384.16658449172974,
    381.15443563461304
  ]
}
