{
  "train_loss": [
    0.5459126691114647,
    0.4840640607503576,
    0.46784560765148303,
    0.45935964062582096,
    0.4508110707004865,
    0.443196021635598,
    0.4388339682866674,
    0.4315163264626392,
    0.4284583615418239,
    0.42219293062840035,
    0.42009428913622454,
    0.4168100069285533,
    0.41344131574900506,
    0.4115245403773194,
    0.41091289006697657
  ],
  "train_acc": [
    0.7219062186319966,
    0.7733855934228765,
    0.784474929496678,
    0.7890158214234502,
    0.7918837531666746,
    0.7975240189283495,
    0.8004397495339611,
    0.8067969982314421,
    0.8044548539744754,
    0.8055542278093781,
    0.8073227857176999,
    0.8129630514793748,
    0.8133932412408584,
    0.8137756321399551,
    0.8107643038095693
  ],
  "val_loss": [
    0.49719411454030443,
    0.4852327806431623,
    0.46457885755669504,
    0.4603507025610833,
    0.4708787025440307,
    0.46604907308660803,
    0.46985251403280665,
    0.47225335320191725,
    0.4682089983529988,
    0.4593177043965885,
    0.4611044529648054,
    0.4584940333096754,
    0.4629511660231011,
    0.46566057737384525,
    0.46474612273630644
  ],
  "val_acc": [
    0.7642124883504194,
    0.7800559179869525,
    0.7843429636533085,
    0.7834109972041007,
    0.7890027958993476,
    0.790121155638397,
    0.7845293569431501,
    0.7882572227399813,
    0.7891891891891892,
    0.7951537744641193,
    0.7912395153774464,
    0.7923578751164958,
    0.7916123019571295,
    0.7916123019571295,
    0.7931034482758621
  ],
  "val_precision": [
    0.7211382113821139,
    0.7225806451612903,
    0.7669642857142858,
    0.771545827633379,
    0.7354415734670267,
    0.7364161849710983,
    0.7461949814890991,
    0.7446722959388822,
    0.7485760781122864,
    0.7496019108280255,
    0.7571964956195244,
    0.7542059909725072,
    0.7580442958629335,
    0.7535934291581109,
    0.754608766898812
  ],
  "val_recall": [
    0.753931151721207,
    0.8091797705057373,
    0.7301317467063323,
    0.7190820229494262,
    0.8104547386315342,
    0.8121546961325967,
    0.7709307267318317,
    0.7870803229919252,
    0.7819804504887378,
    0.8002549936251594,
    0.7713557161070973,
    0.7811304717382066,
    0.7709307267318317,
    0.7798555036124097,
    0.782830429239269
  ],
  "val_f1": [
    0.7371701641387908,
    0.7634322373696872,
    0.7480949270629218,
    0.7443906731192257,
    0.7711281843914274,
    0.7724333063864187,
    0.7583612040133779,
    0.7652892561983471,
    0.7649137393473291,
    0.7741007194244605,
    0.7642105263157895,
    0.7674321503131524,
    0.764433206911083,
    0.766499582289056,
    0.7684605757196495
  ],
  "val_roc_auc": [
    0.8410333026866891,
    0.8573056548420286,
    0.8614548746507101,
    0.8637185215787933,
    0.8648646665639468,
    0.8673670525434739,
    0.8631106682492301,
    0.864872426994106,
    0.8670004074931328,
    0.870635040232892,
    0.8681953726389244,
    0.8703194729228715,
    0.868575845364822,
    0.8679459806333528,
    0.868563146479107
  ],
  "lr": [
    0.0001,
    9.891830623632339e-05,
    9.572050015330874e-05,
    9.05463412215599e-05,
    8.362196501476348e-05,
    7.525e-05,
    6.57963412215599e-05,
    5.567415893174885e-05,
    4.532584106825116e-05,
    3.5203658778440106e-05,
    2.5750000000000013e-05,
    1.7378034985236535e-05,
    1.0453658778440107e-05,
    5.279499846691251e-06,
    2.0816937636766186e-06
  ],
  "epoch_time": [
    349.07320284843445,
    347.8842911720276,
    348.37124156951904,
    346.64199447631836,
    347.3671736717224,
    346.45194387435913,
    351.9448666572571,
    350.6281681060791,
    351.76581144332886,
    351.84735560417175,
    347.7591154575348,
    348.4840462207794,
    347.198392868042,
    348.47028708457947,
    347.54691219329834
  ]
}
