{
  "train_loss": [
    0.5898318757795777,
    0.47342958314976563,
    0.4311193915636532,
    0.402703756608912,
    0.3811515699559396,
    0.3653228473863835,
    0.3508988742115665,
    0.3348492494348539,
    0.32067075624651864,
    0.31248713822448654,
    0.3022399579918166,
    0.29303222506190296,
    0.28359090247467755,
    0.2778927752070288,
    0.2762091256598358
  ],
  "train_acc": [
    0.676401701639501,
    0.7803164284690024,
    0.8086611538645381,
    0.8214712489842741,
    0.8339467520673008,
    0.8404951962143301,
    0.8455618756273601,
    0.8546436594809044,
    0.8615744945270303,
    0.8659719898666411,
    0.8690311170594139,
    0.8745757850963147,
    0.8784952918120549,
    0.8807418383442474,
    0.881172028105731
  ],
  "val_loss": [
    0.4938359110660496,
    0.4298432885358731,
    0.3955457764012473,
    0.4010193117317699,
    0.38623035450776416,
    0.3576552602684214,
    0.37094689142845927,
    0.3714813208650975,
    0.3631572735806306,
    0.3791246404206114,
    0.35451295009503764,
    0.3722661734514293,
    0.3676347634533331,
    0.3645276840377067,
    0.3633559084098254
  ],
  "val_acc": [
    0.7569431500465983,
    0.8100652376514446,
    0.827027027027027,
    0.8246039142590866,
    0.8268406337371854,
    0.8432432432432433,
    0.8354147250698974,
    0.8337371854613234,
    0.8426840633737186,
    0.8337371854613234,
    0.843802423112768,
    0.8436160298229264,
    0.8471575023299162,
    0.8479030754892823,
    0.8475302889095992
  ],
  "val_precision": [
    0.7958262831359278,
    0.7687348912167606,
    0.7906976744186046,
    0.8171608265947888,
    0.8549351944167497,
    0.8098360655737705,
    0.8190104166666666,
    0.8239467849223947,
    0.8033775633293124,
    0.8523878437047757,
    0.8230277185501066,
    0.8459780621572212,
    0.8501598903608953,
    0.8401947764497565,
    0.8461885430762291
  ],
  "val_recall": [
    0.5996600084997875,
    0.8108797280067999,
    0.8236294092647684,
    0.7730556736081597,
    0.7288567785805354,
    0.8397790055248618,
    0.8019549511262218,
    0.7896302592435189,
    0.8491287717807054,
    0.7509562260943476,
    0.8202294942626435,
    0.7866553336166596,
    0.7909052273693158,
    0.8066298342541437,
    0.7972800679983001
  ],
  "val_f1": [
    0.6839554047503635,
    0.7892450879007239,
    0.8068276436303081,
    0.794496614981437,
    0.7868777242486809,
    0.8245357813477989,
    0.8103929568391669,
    0.8064236111111112,
    0.8256198347107438,
    0.798463624039765,
    0.8216262239250745,
    0.8152389341554723,
    0.8194627917217085,
    0.8230702515177797,
    0.8210065645514223
  ],
  "val_roc_auc": [
    0.8521772098459823,
    0.882650655347162,
    0.9012342047026513,
    0.9044959134985768,
    0.9154328993700789,
    0.9196899891579735,
    0.9174974559898951,
    0.9166243370476163,
    0.9188452310604586,
    0.9211990400771191,
    0.9239923716382522,
    0.9247650282846513,
    0.9252053974215054,
    0.9256789247599488,
    0.9254812454389836
  ],
  "lr": [
    0.0001,
    9.891830623632339e-05,
    9.572050015330874e-05,
    9.05463412215599e-05,
    8.362196501476348e-05,
    7.525e-05,
    6.57963412215599e-05,
    5.567415893174885e-05,
    4.532584106825116e-05,
    3.5203658778440106e-05,
    2.5750000000000013e-05,
    1.7378034985236535e-05,
    1.0453658778440107e-05,
    5.279499846691251e-06,
    2.0816937636766186e-06
  ],
  "epoch_time": [
    804.9306397438049,
    805.7488765716553,
    805.364403963089,
    807.6267046928406,
    805.0237407684326,
    804.537305355072,
    752.1700229644775,
    376.7339811325073,
    377.6678807735443,
    373.6613464355469,
    374.82359623908997,
    375.4761748313904,
    372.62772607803345,
    373.5882341861725,
    375.6730971336365
  ]
}