{
  "train_loss": [
    0.5680606004294999,
    0.42453816186762,
    0.38231599314952847,
    0.35848181774492294,
    0.32923962845714816,
    0.3079635846778887,
    0.29226880299571095,
    0.27321393421028,
    0.2500977078822957,
    0.23617539137875268,
    0.22313323274072522,
    0.20833254555405462,
    0.2021058300162583,
    0.19532186208742838,
    0.18484517586181107
  ],
  "train_acc": [
    0.6951388556952345,
    0.8050762391855074,
    0.8301706419387218,
    0.8433153290951675,
    0.8593279479948377,
    0.8676927489125759,
    0.874719181683476,
    0.8838487643994073,
    0.8925959562162421,
    0.9012475503083026,
    0.9075092012810095,
    0.9138186511161034,
    0.9170211748960375,
    0.9235696190430668,
    0.9258161655752593
  ],
  "val_loss": [
    0.5050824479687781,
    0.4625473457965113,
    0.4542976397400101,
    0.44008964646075455,
    0.41400554474620593,
    0.449174050640847,
    0.44322500599636916,
    0.46524474596870796,
    0.4632240535602683,
    0.512573177394058,
    0.5149335406188454,
    0.5130283101683571,
    0.5112227795734292,
    0.5335917759331918,
    0.547370743139514
  ],
  "val_acc": [
    0.7567567567567568,
    0.7875116495806151,
    0.7886300093196645,
    0.797017707362535,
    0.8182665424044734,
    0.8018639328984156,
    0.8109972041006523,
    0.8024231127679403,
    0.8126747437092264,
    0.8044734389561976,
    0.8070829450139795,
    0.8057781919850885,
    0.8083876980428705,
    0.8093196644920783,
    0.8037278657968313
  ],
  "val_precision": [
    0.8654114365411436,
    0.8741517581739667,
    0.8746158574062692,
    0.8825665859564165,
    0.8458835341365462,
    0.8536184210526315,
    0.8750700280112045,
    0.856198347107438,
    0.8294232649071359,
    0.8602209944751381,
    0.8632855567805954,
    0.846641988365944,
    0.8406169665809768,
    0.8449170124481328,
    0.8544165757906216
  ],
  "val_recall": [
    0.5274118147046324,
    0.6022099447513812,
    0.604759881002975,
    0.6196345091372716,
    0.7161070973225669,
    0.6617084572885678,
    0.6638334041648959,
    0.6604334891627709,
    0.7212069698257544,
    0.6617084572885678,
    0.6655333616659583,
    0.680407989800255,
    0.694857628559286,
    0.6923076923076923,
    0.6659583510412239
  ],
  "val_f1": [
    0.6554000528122524,
    0.7131353799698037,
    0.7150753768844221,
    0.7280898876404495,
    0.7756041426927502,
    0.7455111323916687,
    0.7549540840985983,
    0.7456813819577736,
    0.7715389861332121,
    0.7480182560653375,
    0.7516198704103672,
    0.7544769085768144,
    0.7608189855746859,
    0.7610371408549405,
    0.7485072844518749
  ],
  "val_roc_auc": [
    0.832432982336132,
    0.8712544636583289,
    0.8808036024198996,
    0.8884776801562696,
    0.8949531241798636,
    0.888284586544035,
    0.8913202551742315,
    0.8865279779028101,
    0.8892393311017158,
    0.8872828561092082,
    0.8921248001336488,
    0.8893639212804539,
    0.8898141673284197,
    0.8898670793522327,
    0.8887765272667653
  ],
  "lr": [
    0.0001,
    9.891830623632339e-05,
    9.572050015330874e-05,
    9.05463412215599e-05,
    8.362196501476348e-05,
    7.525e-05,
    6.57963412215599e-05,
    5.567415893174885e-05,
    4.532584106825116e-05,
    3.5203658778440106e-05,
    2.5750000000000013e-05,
    1.7378034985236535e-05,
    1.0453658778440107e-05,
    5.279499846691251e-06,
    2.0816937636766186e-06
  ],
  "epoch_time": [
    122.90603971481323,
    122.8435206413269,
    122.63625597953796,
    122.57104396820068,
    122.51016759872437,
    122.46567940711975,
    122.63196873664856,
    122.61744976043701,
    122.65487360954285,
    122.64193892478943,
    122.63741374015808,
    122.50824356079102,
    122.6444571018219,
    122.89552927017212,
    122.6353645324707
  ]
}
