{
  "train_loss": [
    0.691800698592393,
    0.6914953082708772,
    0.6931459272126539,
    0.6922639704990096,
    0.6918906144775018,
    0.6899490326369574,
    0.6901176408707913,
    0.6901199750214906,
    0.6899433434920939,
    0.6904286083278306,
    0.6899997549137209,
    0.6898399541319693,
    0.6916981771451618,
    0.6898901992070201,
    0.6898828288283917,
    0.6899734074734037,
    0.6898761153767962,
    0.690020258364692,
    0.6897290393664567,
    0.6897078569329113,
    0.6897340559995867,
    0.6896764711684772,
    0.6897023421361905,
    0.6896841523297336,
    0.6896572119416812,
    0.6897121181181811,
    0.6896749139743479,
    0.6896646195048586,
    0.6896360135588806,
    0.6897304941207991
  ],
  "train_acc": [
    0.5374982075426605,
    0.537785000716983,
    0.534008890588404,
    0.539744754074853,
    0.5385975813775632,
    0.5417045074327231,
    0.5393623631757564,
    0.5407963290473686,
    0.5418001051574972,
    0.5400793461115625,
    0.5415611108455619,
    0.5417523062951102,
    0.5411787199464653,
    0.541608909707949,
    0.541608909707949,
    0.5419913006070456,
    0.5414177142584007,
    0.5412743176712395,
    0.5418001051574972,
    0.5417523062951102,
    0.5418001051574972,
    0.5418479040198844,
    0.5417523062951102,
    0.5418479040198844,
    0.5418479040198844,
    0.5418479040198844,
    0.541656708570336,
    0.5418957028822714,
    0.5420868983318197,
    0.5418957028822714
  ],
  "val_loss": [
    0.6860468745941207,
    0.695800573698112,
    0.6872861055391175,
    0.6864777696984155,
    0.6860763150311652,
    0.6863320037013009,
    0.6870453552830786,
    0.686454448671568,
    0.6862096946154322,
    0.6860174824084554,
    0.686171214850176,
    0.68614820958603,
    0.6861313851106734,
    0.6865063785087495,
    0.6861663226570401,
    0.6861344036601839,
    0.6862185859964007,
    0.6862302968899409,
    0.6861623713657969,
    0.6861953430232548,
    0.6862402395123527,
    0.686251798201175,
    0.6862283852838335,
    0.6862106358721143,
    0.6861856835229057,
    0.6861741769881475,
    0.6861766080061594,
    0.686178849211761,
    0.6861795616291818,
    0.6861790517965952
  ],
  "val_acc": [
    0.5614165890027959,
    0.4413793103448276,
    0.5614165890027959,
    0.5614165890027959,
    0.5614165890027959,
    0.5602982292637465,
    0.5614165890027959,
    0.5614165890027959,
    0.5614165890027959,
    0.5614165890027959,
    0.5614165890027959,
    0.5614165890027959,
    0.5614165890027959,
    0.5614165890027959,
    0.5614165890027959,
    0.5614165890027959,
    0.5614165890027959,
    0.5614165890027959,
    0.5614165890027959,
    0.5614165890027959,
    0.5614165890027959,
    0.5614165890027959,
    0.5614165890027959,
    0.5614165890027959,
    0.5614165890027959,
    0.5614165890027959,
    0.5614165890027959,
    0.5614165890027959,
    0.5614165890027959,
    0.5614165890027959
  ],
  "val_precision": [
    0.0,
    0.4397455089820359,
    0.0,
    0.0,
    0.0,
    0.125,
    0.0,
    0.0,
    0.0,
    0.0,
    0.0,
    0.0,
    0.0,
    0.0,
    0.0,
    0.0,
    0.0,
    0.0,
    0.0,
    0.0,
    0.0,
    0.0,
    0.0,
    0.0,
    0.0,
    0.0,
    0.0,
    0.0,
    0.0,
    0.0
  ],
  "val_recall": [
    0.0,
    0.9987250318742031,
    0.0,
    0.0,
    0.0,
    0.00042498937526561835,
    0.0,
    0.0,
    0.0,
    0.0,
    0.0,
    0.0,
    0.0,
    0.0,
    0.0,
    0.0,
    0.0,
    0.0,
    0.0,
    0.0,
    0.0,
    0.0,
    0.0,
    0.0,
    0.0,
    0.0,
    0.0,
    0.0,
    0.0,
    0.0
  ],
  "val_f1": [
    0.0,
    0.6106275172144991,
    0.0,
    0.0,
    0.0,
    0.0008470986869970351,
    0.0,
    0.0,
    0.0,
    0.0,
    0.0,
    0.0,
    0.0,
    0.0,
    0.0,
    0.0,
    0.0,
    0.0,
    0.0,
    0.0,
    0.0,
    0.0,
    0.0,
    0.0,
    0.0,
    0.0,
    0.0,
    0.0,
    0.0,
    0.0
  ],
  "val_roc_auc": [
    0.5288423441804393,
    0.5801023135112193,
    0.5352712256230778,
    0.456639372528303,
    0.5195534620266632,
    0.5577023257021496,
    0.4624320397966147,
    0.5342178530530096,
    0.49608472188593694,
    0.5814943935830554,
    0.5020157364591782,
    0.4738771927448162,
    0.4984783912938696,
    0.48837268859115174,
    0.5534135592493322,
    0.5172761285217539,
    0.5453142099402362,
    0.4675669047848837,
    0.47516450700950275,
    0.4646245729646931,
    0.5470100050287587,
    0.5121804184311063,
    0.5444453239598626,
    0.5263066589005927,
    0.5446656496270196,
    0.5326568072517974,
    0.5300785101554399,
    0.5303128045968838,
    0.5345788541541442,
    0.5312489946715475
  ],
  "lr": [
    0.0003333333333333333,
    0.0006666666666666666,
    0.001,
    0.001,
    0.0009966191788709714,
    0.0009865224352899118,
    0.0009698463103929542,
    0.0009468163201617061,
    0.0009177439057064682,
    0.000883022221559489,
    0.0008431208189343669,
    0.0007985792958513931,
    0.00075,
    0.0006980398830195785,
    0.0006434016163555452,
    0.0005868240888334653,
    0.0005290724144552379,
    0.0004709275855447621,
    0.00041317591116653486,
    0.00035659838364445503,
    0.0003019601169804216,
    0.0002500000000000001,
    0.00020142070414860702,
    0.00015687918106563326,
    0.00011697777844051105,
    8.225609429353187e-05,
    5.318367983829392e-05,
    3.0153689607045842e-05,
    1.3477564710088097e-05,
    3.3808211290284885e-06
  ],
  "epoch_time": [
    132.85995531082153,
    37.38353776931763,
    37.50683379173279,
    37.54134774208069,
    37.53735160827637,
    37.5967378616333,
    37.5811870098114,
    37.61590003967285,
    37.58304166793823,
    37.56677532196045,
    39.57154083251953,
    37.557607889175415,
    37.5908727645874,
    37.59678888320923,
    37.5775191783905,
    37.625545024871826,
    37.581199169158936,
    37.56325173377991,
    37.589078426361084,
    37.57548689842224,
    37.61173462867737,
    37.63404989242554,
    37.62758445739746,
    37.72117304801941,
    37.56322526931763,
    37.66720175743103,
    45.81303119659424,
    37.54643726348877,
    37.54073238372803,
    45.35262942314148
  ]
}